Member,Multi-Sig Token Holding Wallet Address,Payment Receipt Wallet Address
nf,0x61Cec7155ffF2EcbcC28eEdd16b055794929fBBa,0x3c2262255793f2b4629F7b9A2D57cE78f7842A8d
brr,0x251B594d2f6fAFA9903E0aE61186cA0B14F3aD29,0x295c8A1e704F4B6ff1e9ADCfC5ab5ff96a85FA11
ch,0xd0De01420788632a9d2286eeBDf4f0CeA88187B7,0x0A56B9c9bda7bD5b8608B9D8ee25CCcc0157D237
sl,0xa2D623315C16ACCb86B0E15A2B385A43A4032F79,0xa2D623315C16ACCb86B0E15A2B385A43A4032F79
os,0xe1Da02bAD2E6a1c931b0C4f41006138De6dC2Aa0,0x10E8b17DC14E431Ef82b511cDE35C144Ad2d9d40
mo,0x92B908c078D8f8a2271b1EE7cFf583405618771B,0x8FEebfA4aC7AF314d90a0c17C3F91C800cFdE44B
ko,0x7a002eCfB15bfad105ecdD60022D747A19Df252c,0x1b55CA3D893603709563cec40135BFd241218072
my,0xc6055aeE74Ca070BbAf93d1C3C92843512E41987,0xa1BbD8D39eD536DEa030A32F3F6C5916C845A800
ma,0x0F469AF9E3d7402e9d5990AFD9B97ca9924a1231,0xBfe09443556773958bae1699b786d8E9680B5571
oneeth,0x58c85583D1D58FcB7A66f569E4afBbAEcFFFe6D9,0x47D6F96Ba098816389DB7c87CBF077dE7181b853
fa,0xA0d6E0d49551fec72512117DDB7e238c1e03A6F5,0x1BdEbAf12ec0CE61bCfc4c8e2bB15f1286fbfE2A
la,0x370c798BACA669cdd9321e3df9e8768d15Ec97DA,0x941a95E58A293f1D8b5b43dFBdE07569ca96Bd90
ha,0xD284FB43145Ec6C4F133d50c69b4A6242D668f9C,0xa5643d9b4a2049d578a690269dbc13426b352672
th,0xA6036F4e02Ae451149287d3Ad4575dEd5aA0CefF,0x20906e454A9D20181350630EAD131d8DfA21dD3F
fif,0xaa2b91105eaf4d5ed8f1849cdd99140fd4ac3e0c,0x49F2df1E567e588f3aa2CE63fcCA80a6a0f4C029